number,page,area,area_ja,ken,place,price_h,age_m,age_w,content
58,ani,a_akihabara,H—tŒ´,“Œ‹,“Œ‹“sç‘ã“c‹æH—tŒ´‰wü•Ó,9500/2000,20/40,20/40,1
59,ani,a20_hamamatsu,Ã‰ª/•l¼/20‘ãŒÀ’è,Ã‰ª,Ã‰ªŒ§•l¼s•l¼‰wü•Ó,9500/2800,20/29,20/29,1
60,ani,a20_ikebukuro,’r‘Ü/20‘ãŒÀ’è,“Œ‹,“Œ‹“s–L“‡‹æ’r‘Ü‰wü•Ó,9500/2900,20/29,20/29,1
61,ani,a_toyama,•xR,•xR,•xRŒ§•xRs•xR‰wü•Ó,7900/2700,20/40,20/40,1
62,ani,a_ikebukuro,’r‘Ü,“Œ‹,“Œ‹“s–L“‡‹æ’r‘Ü‰wü•Ó,9500/2800,20/40,20/40,1
63,ani,a_shizuoka,Ã‰ª,Ã‰ª,Ã‰ªŒ§Ã‰ªsÃ‰ª‰wü•Ó,9500/2000,20/40,20/40,1
64,ani,a_kouhu,R—œ/b•{,R—œ,R—œŒ§b•{sb•{‰wü•Ó,9500/2500,20/40,20/40,1
65,ani,a_kashiwa,ç—t/”,ç—t,ç—tŒ§”s”‰wü•Ó,9500/2000,20/40,20/40,1
66,ani,a_hamamatsu,Ã‰ª/•l¼,Ã‰ª,Ã‰ªŒ§•l¼s•l¼‰wü•Ó,9500/2000,20/40,20/40,1
67,machi,20_hamamatsu,Ã‰ª/•l¼/20‘ãŒÀ’è,Ã‰ª,Ã‰ªŒ§•l¼s•l¼‰wü•Ó,7900/2800,20/29,20/29,2
68,ani,a_shinjuku2000,Vh,“Œ‹,“Œ‹“sVh‹æVh‰w,9500/2000,20/40,20/40,1
69,ani,a20_shinjuku2000,Vh/20‘ãŒÀ’è,“Œ‹,“Œ‹“sVh‹æVh‰w,9500/2000,20/29,20/29,7
70,ani,a_hukushima,•Ÿ“‡,•Ÿ“‡,•Ÿ“‡Œ§•Ÿ“‡s•Ÿ“‡‰wü•Ó,9500/2500,20/40,20/40,1
71,ani,a_kanazawa,Îì/‹à‘ò,Îì,ÎìŒ§‹à‘òs‹à‘ò‰wü•Ó,9500/2000,20/40,20/40,1
72,ani,a_nagoya,ˆ¤’m/–¼ŒÃ‰®,ˆ¤’m,ˆ¤’mŒ§–¼ŒÃ‰®s–¼ŒÃ‰®‰wü•Ó,9500/2000,20/40,20/40,1
74,machi,20_toyama,•xR/20‘ãŒÀ’è,•xR,•xRŒ§•xRs•xR‰wü•Ó,7900/2900,20/29,20/29,2
75,ani,a20_akihabara,H—tŒ´/20‘ãŒÀ’è,“Œ‹,“Œ‹“sç‘ã“c‹æH—tŒ´‰wü•Ó,9500/2900,20/29,20/29,1
76,ani,a_sapporo,–kŠC“¹/D–y,–kŠC“¹,–kŠC“¹D–ysD–y‰wü•Ó,6900/3400,20/40,20/40,1
77,machi,20_matsumoto,’·–ì/¼–{/20‘ãŒÀ’è,’·–ì,’·–ìŒ§¼–{s¼–{‰wü•Ó,7900/2700,20/29,20/29,2
78,machi,20_hukushima,•Ÿ“‡,•Ÿ“‡,•Ÿ“‡Œ§•Ÿ“‡s•Ÿ“‡‰wü•Ó,7900/2700,20/29,20/29,2
79,machi,20_oyama,“È–Ø/¬R/20‘ãŒÀ’è,“È–Ø,“È–ØŒ§¬R‰wü•Ó,7900/2700,20/29,20/29,2
80,machi,20_sapporo,–kŠC“¹/D–y/20‘ãŒÀ’è,–kŠC“¹,–kŠC“¹D–ysD–y‰wü•Ó,6500/3600,20/29,20/29,2
81,machi,20_kanazawa,Îì/‹à‘ò/20‘ãŒÀ’è,Îì,ÎìŒ§‹à‘òs•Ğ’¬E—Ñ–Vü•Ó,7900/2000,20/29,20/29,2
82,machi,20_fukushima,•Ÿ“‡/20‘ãŒÀ’è,•Ÿ“‡,•Ÿ“‡Œ§•Ÿ“‡s•Ÿ“‡‰wü•Ó,7900/2700,20/29,20/29,2
84,machi,20_kanazawa2000,Îì/‹à‘ò/20‘ãŒÀ’è,Îì,ÎìŒ§‹à‘òs•Ğ’¬E—Ñ–Vü•Ó,7900/2000,20/29,20/29,2
85,machi,20_yokkaichi,Od/l“ús/20‘ãŒÀ’è,Od,OdŒ§l“úsl“ús‰wü•Ó,7900/2700,20/29,20/29,2
86,machi,k_fukui,"•Ÿˆä/—ö™Pa ",•Ÿˆä,•ŸˆäŒ§•Ÿˆäs•Ÿˆä‰wü•Ó,7900/3100,20/40,20/40,3
87,machi,k_kitakyushu,•Ÿ‰ª/–k‹ãB/—ö™Pa,•Ÿ‰ª,•Ÿ‰ªŒ§–k‹ãBs¬‘q‰wü•Ó,7900/3700,20/40,20/40,3
88,machi,k_niigata,VŠƒ/—ö™Pa,VŠƒ,VŠƒŒ§VŠƒsVŠƒ‰wü•Ó,7900/3300,20/40,20/40,3
89,machi,k_takamatsu,ì/‚¼/—ö™Pa,ì,ìŒ§‚¼s‚¼‰wü•Ó,7900/3100,20/40,20/40,3
90,machi,k_yokkaichi,Od/l“ús/—ö™Pa,Od,OdŒ§l“ússl“ús‰wü•Ó,7900/2700,20/40,20/40,3
91,machi,k_gifu,Šò•Œ/—ö™Pa,Šò•Œ,Šò•ŒŒ§Šò•ŒsŠò•Œ‰wü•Ó,7900/2800,20/40,20/40,3
92,machi,k_tenjin,•Ÿ‰ª/“V_/—ö™Pa,•Ÿ‰ª,•Ÿ‰ªŒ§•Ÿ‰ªs’†‰›‹æ“V_‰wü•Ó,7900/3700,20/40,20/40,3
93,ani,a_osaka,‘åã,‘åã,‘åã•{‘åãs‘åã‰wü•Ó,8500/3500,20/40,20/40,1
94,ani,a20_akihabara2000,H—tŒ´/20‘ãŒÀ’è,“Œ‹,“Œ‹“sç‘ã“c‹æH—tŒ´‰wü•Ó,9500/2000,20/29,20/29,1
95,ani,a_yamaguchi,RŒû,RŒû,RŒûŒ§RŒûsVRŒû‰wü•Ó,8500/3400,20/40,20/40,1
99,ani,a_sendai,‹{é/å‘ä,‹{é,‹{éŒ§å‘äså‘ä‰wü•Ó,8500/2000,20/40,20/40,1
100,ani,a_sakae,ˆ¤’m/‰h,ˆ¤’m,ˆ¤’mŒ§–¼ŒÃ‰®s‰h‰wü•Ó,9500/2000,20/40,20/40,1
101,ani,a_chichibu,é‹Ê/’•ƒ,é‹Ê,é‹ÊŒ§’•ƒs’•ƒ‰wü•Ó,9500/2700,20/40,20/40,1
102,machi,k20_matsumoto,’·–ì/¼–{/20‘ãŒÀ’è/—ö™Pa,’·–ì,’·–ìŒ§¼–{s¼–{‰wü•Ó,7300/2000,20/29,20/29,6
103,ani,a_kawasaki,_“Şì/ìè,_“Şì,_“ŞìŒ§ìèsìè‰wü•Ó,9500/2600,20/40,20/40,1
107,ani,a_shibuya,a’J,“Œ‹,“Œ‹“sa’J‹æa’J‰wü•Ó,9500/2000,20/40,20/40,1
111,machi,20_kitakyusyu,•Ÿ‰ª/–k‹ãB,•Ÿ‰ª,•Ÿ‰ªŒ§–k‹ãBs¬‘q‰wü•Ó,7500/3700,20/29,20/29,4
115,ani,a_tsudanuma,ç—t/’Ã“cÀ,ç—t,ç—tŒ§Ku–ìs’Ã“cÀ‰wü•Ó,9500/2000,20/40,20/40,1
116,ani,a_oota,ŒQ”n/‘¾“c,ŒQ”n,ŒQ”nŒ§‘¾“cs‘¾“c‰wü•Ó,9500/2600,20/40,20/40,1
117,ani,a_matsumoto,’·–ì/¼–{,’·–ì,’·–ìŒ§¼–{s¼–{‰wü•Ó,7900/2000,20/40,20/40,1
121,ani,a_soga,ç—t/‘h‰ä,ç—t,ç—tŒ§‘h‰äs‘h‰ä‰wü•Ó,9500/2600,20/40,20/40,1
122,ani,a_hakatatenjin,•Ÿ‰ª/”‘½“V_,•Ÿ‰ª,•Ÿ‰ªŒ§•Ÿ‰ªs“V_‰wü•Ó,7500/3500,20/40,20/40,1
123,ani,a_akihabara2000,H—tŒ´,“Œ‹,“Œ‹“sç‘ã“c‹æH—tŒ´‰wü•Ó,9500/2000,20/40,20/40,1
124,ani,a20_ikebukuro2000,’r‘Ü/20‘ãŒÀ’è,“Œ‹,“Œ‹“s–L“‡‹æ’r‘Ü‰wü•Ó,9500/2000,20/29,20/29,1
125,machi,k20_sendai,‹{é/å‘ä/20‘ãŒÀ’è/—ö™Pa,‹{é,‹{éŒ§å‘äså‘ä‰wü•Ó,8500/2000,20/29,20/29,6
126,machi,k20_sapporo,–kŠC“¹/D–y/20‘ãŒÀ’è/—ö™Pa,–kŠC“¹,–kŠC“¹D–ysD–y‰wü•Ó,6900/3600,20/29,20/29,6
127,machi,k20_osaka,‘åã/20‘ãŒÀ’è/—ö™Pa,‘åã,‘åã•{‘åãs‘åã‰wü•Ó,7900/2000,20/29,20/29,6
130,machi,k20_sagamihara,_“Şì/‘Š–ÍŒ´/20‘ãŒÀ’è/—ö™Pa,_“Şì,_“ŞìŒ§‘Š–ÍŒ´s‘Š–ÍŒ´‰w,8500/2800,20/29,20/29,6
131,machi,k20_ichikawa,ç—t/sì/20‘ãŒÀ’è/—ö™Pa,ç—t,ç—tŒ§sìssì‰wü•Ó,8500/2800,20/29,20/29,6
133,machi,k20_toyama,•xR/20‘ãŒÀ’è/—ö™Pa,•xR,•xRŒ§•xRs•xR‰w,8500/2900,20/29,20/29,6
134,machi,k20_nishifunabashi,ç—t/¼‘D‹´/20‘ãŒÀ’è/—ö™Pa,ç—t,ç—tŒ§‘D‹´s¼‘D‹´‰wü•Ó,7900/2000,20/29,20/29,6
135,machi,k20_kitakyushu,•Ÿ‰ª/–k‹ãB/20‘ãŒÀ’è/—ö™Pa,•Ÿ‰ª,•Ÿ‰ªŒ§–k‹ãBs¬‘q‰wü•Ó,7500/3700,20/29,20/29,6
136,ani,a_mito,ˆïé/…ŒË,ˆïé,ˆïéŒ§…ŒËs…ŒË‰wü•Ó,9500/2000,20/40,20/40,1
138,ani,a_totsuka,_“Şì/ŒË’Ë,_“Şì,_“ŞìŒ§‰¡•lsŒË’Ë‰wü•Ó,9500/2600,20/40,20/40,1
139,machi,k20_yamaguchi,RŒû/20‘ãŒÀ’è/—ö™Pa,RŒû,RŒûŒ§RŒûsVRŒû‰wü•Ó,7900/3600,20/29,20/29,6
140,ani,ablack_akihabara,H—tŒ´/BLACK,“Œ‹,“Œ‹“sç‘ã“c‹æH—tŒ´‰wü•Ó,8500/0,20/200,20/200,8
141,ani,akaraoke_akihabara,H—tŒ´/ƒAƒjƒJƒ‰,“Œ‹,"ƒJƒ‰ƒIƒPƒpƒZƒ‰ H—tŒ´º˜a’Ê‚èŠÙ",8500/2000,20/40,20/40,9
142,ani,a_tsukuba,ˆïé/‚Â‚­‚Î,ˆïé,ˆïéŒ§‚Â‚­‚Îs‚Â‚­‚Î‰wü•Ó,9500/2000,20/40,20/40,1
143,ani,a_omiya,é‹Ê/‘å‹{,é‹Ê,é‹ÊŒ§‚³‚¢‚½‚Üs‘å‹{‹æ‘å‹{‰wü•Ó,9500/2700,20/40,20/40,1
144,ani,a_makuhari,ç—t/ŠC•l–‹’£,ç—t,ç—tŒ§ç—tsŠC•l–‹’£‰wü•Ó,9500/2000,20/40,20/40,1
145,ani,a_toyama85002700,•xR,•xR,•xRŒ§•xRs•xR‰wü•Ó,8500/2000,20/40,20/40,1
146,machi,k20_kanazawa,Îì/‹à‘ò/20‘ãŒÀ’è/—ö™Pa,Îì,ÎìŒ§‹à‘òs‹à‘ò‰wü•Ó,8500/2000,20/29,20/29,6
147,machi,k_20iwaki,•Ÿ“‡/‚¢‚í‚«/20‘ãŒÀ’è/—ö™Pa,•Ÿ“‡,•Ÿ“‡Œ§‚¢‚í‚«s‚¢‚í‚«‰wü•Ó,7900/2700,20/29,20/29,6
148,machi,k20_toyohashi,ˆ¤’m/–L‹´/20‘ãŒÀ’è/—ö™Pa,ˆ¤’m,ˆ¤’mŒ§–L‹´s–L‹´‰wü•Ó,8500/2000,20/29,20/29,6
149,machi,k20_namba,‘åã/“ï”g/20‘ãŒÀ’è/—ö™Pa,‘åã,‘åã•{‘åãs“ï”g‰wü•Ó,7900/2000,20/29,20/29,6
150,ani,a_hakodate,–kŠC“¹/”ŸŠÙ,–kŠC“¹,–kŠC“¹”ŸŠÙs”ŸŠÙ‰wü•Ó,6900/3400,20/40,20/40,1
151,ani,a_takasaki,ŒQ”n/‚è,ŒQ”n,ŒQ”nŒ§‚ès‚è‰wü•Ó,9500/2000,20/40,20/40,1
152,ani,a_shinjuku,“Œ‹/Vh,“Œ‹,“Œ‹“sVh‹æVh‰wü•Ó,9500/2800,20/40,20/40,1
153,ani,a_sagamihara,_“Şì/‘Š–ÍŒ´,_“Şì,_“ŞìŒ§‘Š–ÍŒ´s‘Š–ÍŒ´‰w,9500/2600,20/40,20/40,1
154,machi,k20_oyama,“È–Ø/¬R/20‘ãŒÀ’è/—ö™Pa,“È–Ø,“È–ØŒ§¬Rs¬R‰w,8500/2700,20/29,20/29,6
155,machi,g_ginza1500,"ƒSƒXƒƒŠƒRƒ“ ‹âÀ",“Œ‹,“Œ‹“s’†‰›‹æ‹âÀ‰wü•Ó,9500/1500,20/40,20/40,10
156,ani,a_kanazawa85002600,Îì/‹à‘ò,Îì,ÎìŒ§‹à‘òs‹à‘ò‰wü•Ó,8500/2600,20/40,20/40,1
157,ani,a_namba,‘åã/“ï”g,‘åã,‘åãs“ï”g‰wü•Ó,8500/2000,20/50,20/40,1
158,machi,k20_kawasaki,_“Şì/ìè/20‘ãŒÀ’è/—ö™Pa,_“Şì,_“ŞìŒ§ìèsìè‰wü•Ó,8500/2800,20/29,20/29,6
159,machi,k20_kitakyusyu79003700,•Ÿ‰ª/–k‹ãB/20‘ãŒÀ’è/—ö™Pa,•Ÿ‰ª,•Ÿ‰ªŒ§–k‹ãBs¬‘q‰wü•Ó,7900/3700,20/29,20/29,6
161,ani,a_matsumoto95002500,’·–ì/¼–{,’·–ì,’·–ìŒ§¼–{s¼–{‰wü•Ó,9500/2000,20/40,20/40,1
162,ani,a_hakatatenjin79003500,•Ÿ‰ª/”‘½“V_,•Ÿ‰ª,•Ÿ‰ªŒ§•Ÿ‰ªs“V_‰wü•Ó,7900/3500,20/40,20/40,1
165,ani,a_funabashi,ç—t/‘D‹´,ç—t,ç—tŒ§‘D‹´s‘D‹´‰wü•Ó,9500/2600,20/40,20/40,1
166,ani,a_tsukuba95002600,ˆïé/‚Â‚­‚Î,ˆïé,ˆïéŒ§‚Â‚­‚Îs‚Â‚­‚Î‰wü•Ó,9500/2000,20/40,20/40,1
169,machi,k20_kanazawa85002800,Îì/‹à‘ò/20‘ãŒÀ’è/—ö™Pa,Îì,ÎìŒ§‹à‘òs‹à‘ò‰wü•Ó,8500/2000,20/29,20/29,6
170,machi,k20_sendai79003300,‹{é/å‘ä/20‘ãŒÀ’è/—ö™Pa,‹{é,‹{éŒ§å‘äså‘ä‰wü•Ó,7900/2000,20/29,20/29,6
171,ani,a_kashiwa2000,ç—t/”,ç—t,ç—tŒ§”s”‰wü•Ó,9500/2000,20/40,20/40,1
172,ani,a_kashiwa95002600,ç—t/”,ç—t,ç—tŒ§”s”‰wü•Ó,9500/2600,20/40,20/40,1
174,ani,a_asahikawa,–kŠC“¹/ˆ®ì,–kŠC“¹,–kŠC“¹ˆ®ìsˆ®ì‰wü•Ó,6900/3400,20/40,20/40,1
175,ani,a_sendai95003100,‹{é/å‘ä,‹{é,‹{éŒ§å‘äså‘ä‰wü•Ó,9500/3100,20/40,20/40,1
177,ani,a_utsunomiya,“È–Ø/‰F“s‹{,“È–Ø,“È–ØŒ§‰F“s‹{s‰F“s‹{‰wü•Ó,9500/2000,20/40,20/40,1
178,ani,a20_shinjuku,Vh/20‘ãŒÀ’è,“Œ‹,“Œ‹“sVh‹æVh‰wü•Ó,9500/2900,20/29,20/29,1
179,machi,k_sendai,‹{é/å‘ä/—ö™Pa,‹{é,‹{éŒ§å‘äså‘ä‰wü•Ó,8500/2000,20/40,20/40,5
180,machi,k_kanazawa,Îì/‹à‘ò/—ö™Pa,Îì,ÎìŒ§‹à‘òs‹à‘ò‰wü•Ó,8500/2000,20/40,20/40,5
181,machi,k_kofu,R—œ/b•{/—ö™Pa,R—œ,R—œŒ§b•{sb•{‰wü•Ó,7900/2000,20/40,20/40,5
182,machi,k_nishifunabashi,ç—t/¼‘D‹´/—ö™Pa,ç—t,ç—tŒ§‘D‹´s¼‘D‹´‰wü•Ó,8500/2000,20/40,20/40,5
183,machi,k_oyama,“È–Ø/¬R//—ö™Pa,“È–Ø,“È–ØŒ§¬Rs¬R‰wü•Ó,7900/2000,20/40,20/40,5
185,machi,k_nagoya,ˆ¤’m/–¼ŒÃ‰®/—ö™Pa,ˆ¤’m,ˆ¤’mŒ§–¼ŒÃ‰®s–¼ŒÃ‰®‰wü•Ó,8500/2600,20/40,20/40,5
186,machi,k_kashiwa,ç—t/”/—ö™Pa,ç—t,ç—tŒ§”s”‰wü•Ó,7900/2000,20/40,20/40,5
187,machi,k_ota,ŒQ”n/‘¾“c/—ö™Pa,ŒQ”n,ŒQ”nŒ§‘¾“cs‘¾“c‰wü•Ó,8500/2000,20/40,20/40,5
188,machi,k_kumagaya,é‹Ê/ŒF’J/—ö™Pa,é‹Ê,é‹ÊŒ§ŒF’JsŒF’J‰wü•Ó,7900/2000,20/40,20/40,5
189,machi,k_shizuoka,Ã‰ª/—ö™Pa,Ã‰ª,Ã‰ªŒ§Ã‰ªsÃ‰ª‰wü•Ó,7900/2000,20/40,20/40,5
190,machi,k_toyama,•xR/—ö™Pa,•xR,•xRŒ§•xRs•xR‰wü•Ó,8500/2000,20/40,20/40,5
191,machi,k_chiba,ç—t/—ö™Pa,ç—t,ç—tŒ§ç—tsç—t‰wü•Ó,7900/2000,20/40,20/40,5
192,machi,k_matsumoto,’·–ì/¼–{/—ö™Pa,’·–ì,’·–ìŒ§¼–{s¼–{‰wü•Ó,7300/2000,20/40,20/40,5
193,machi,20_matsuyama,ˆ¤•Q/¼R/20‘ãŒÀ’è,ˆ¤•Q,ˆ¤•QŒ§¼Rs¼R‰wü•Ó,7900/2700,20/29,20/29,2
194,ani,a_ikebukuro2000,’r‘Ü,“Œ‹,“Œ‹“s–L“‡‹æ’r‘Ü‰wü•Ó,9500/2000,20/40,20/40,1
195,machi,k_fukushima,•Ÿ“‡/—ö™Pa,•Ÿ“‡,•Ÿ“‡Œ§•Ÿ“‡‰wü•Ó,7900/2000,20/40,20/40,5
196,machi,k_tsukuba,ˆïé/‚Â‚­‚Î/—ö™Pa,ˆïé,ˆïéŒ§‚Â‚­‚Îs‚Â‚­‚Î‰wü•Ó,8500/2500,20/40,20/40,5
197,machi,k_toyohashi,ˆ¤’m/–L‹´/—ö™Pa,ˆ¤’m,ˆ¤’mŒ§–L‹´s–L‹´‰wü•Ó,7900/2000,20/40,20/40,5
198,machi,k_hamamatsu,Ã‰ª/•l¼/—ö™Pa,Ã‰ª,Ã‰ªŒ§•l¼s•l¼‰wü•Ó,8500/2000,20/40,20/40,5
199,machi,20_shimonoseki,RŒû/‰ºŠÖ/20‘ãŒÀ’è,RŒû,RŒûŒ§‰ºŠÖs‰ºŠÖ‰wü•Ó,7900/2000,20/29,20/29,2
200,machi,20_hakatatenjin,•Ÿ‰ª/”‘½“V_/20‘ãŒÀ’è,•Ÿ‰ª,•Ÿ‰ªŒ§•Ÿ‰ªs“V_‰wü•Ó,7900/2000,20/29,20/29,2
201,machi,20_tsu,Od/’Ã/20‘ãŒÀ’è,Od,OdŒ§’Ãs’Ã‰wü•Ó,7900/2700,20/29,20/29,2
202,machi,20_kitakami,Šâè/–kã/20‘ãŒÀ’è,Šâè,ŠâèŒ§–kãs–kã‰wü•Ó,7900/2000,20/29,20/29,2
203,machi,20_aomori,ÂX/20‘ãŒÀ’è,ÂX,ÂXŒ§ÂXsÂX‰wü•Ó,7900/3400,20/29,20/29,2
204,machi,20_shunan,RŒû/ü“ì/20‘ãŒÀ’è,RŒû,RŒûŒ§ü“ìs“¿R‰wü•Ó,7900/2000,20/29,20/29,2
205,machi,k20_takaoka,•xR/‚‰ª/20‘ãŒÀ’è/—ö™Pa,•xR,•xRŒ§‚‰ªs‚‰ª‰wü•Ó,8500/2000,20/29,20/29,6
206,ani,a_takaoka,•xR/‚‰ª,•xR,•xRŒ§‚‰ªs‚‰ª‰wü•Ó,8500/2000,20/40,20/40,1
207,ani,a_yokkaichi,Od/l“ús,Od,OdŒ§l“ússl“ús‰w,8500/2000,20/40,20/40,1
209,ani,a_fushimi,‹“s/•šŒ©,‹“s,‹“s•{‹“ss•šŒ©‰wü•Ó,9500/2000,20/40,20/40,1
210,ani,a_fukuyama,L“‡/•ŸR,L“‡,L“‡Œ§•ŸRs•ŸR‰wü•Ó,8500/2000,20/40,20/40,1
211,ani,a_himeji,•ºŒÉ/•P˜H,•ºŒÉ,•ºŒÉŒ§•P˜Hs•P˜H‰wü•Ó,8500/2000,20/40,20/40,1
213,ani,a_na‚ba,‘åã^“ï”g,‘åã,‘åãs“ï”g‰wü•Ó,9500/2000,20/40,20/40,1
217,ani,a_sapporo_6900_2000,–kŠC“¹^D–y,–kŠC“¹,–kŠC“¹D–y‰wü•Ó,6900/2000,20/40,20/40,1
218,ani,a_sendai_9500_2000,‹{é^å‘ä,‹{é,‹{éŒ§å‘äså‘ä‰wü•Ó,9500/2000,20/40,20/40,1
219,ani,a_kanazawa_9500_2000,Îì/‹à‘ò,Îì,ÎìŒ§‹à‘òs‹à‘ò‰wü•Ó,9500/2000,20/40,20/40,1
220,ani,"a_kanazawa _9500_2000",Îì/‹à‘ò,Îì,ÎìŒ§‹à‘òs‹à‘ò‰wü•Ó,9500/2000,20/40,20/40,1
221,ani,"a_hakodate _6900_2000","–kŠC“¹/”ŸŠÙŒÜ—ÅŠs ",–kŠC“¹,–kŠC“¹”ŸŠÙsŒÜ—ÅŠsŒö‰€‘O‰wü•Ó,6900/2000,20/40,20/40,1
222,ani,a_matsumoto_9500_2000,’·–ì/¼–{,’·–ì,’·–ìŒ§¼–{s¼–{‰wü•Ó,9500/2000,20/40,20/40,1
223,ani,"a_hamamatsu _9500_2000",Ã‰ª/•l¼,Ã‰ª,Ã‰ªŒ§•l¼s•l¼‰wü•Ó,9500/2000,20/40,20/40,1
224,ani,a_yokkaichi_9500_2000,Od/l“ús,Od,OdŒ§l“ússl“ús‰w,9500/2000,20/40,20/40,1
225,ani,a_sakae_9500_2000,ˆ¤’m/‰h,ˆ¤’m,ˆ¤’mŒ§–¼ŒÃ‰®s‰h‰wü•Ó,9500/2000,20/40,20/40,1
226,ani,"a_funabashi _9500_2000",ç—t/‘D‹´,ç—t,ç—tŒ§‘D‹´s‘D‹´‰wü•Ó,9500/2000,20/40,20/40,1
227,ani,a_umeda_9500_2000,"‘åã/”~“c ",‘åã,‘åã•{‘åãs”~“c‰wü•Ó,9500/2000,20/40,20/40,1
228,ani,a_fukuyama_9500_2000,L“‡/•ŸR,L“‡,L“‡Œ§•ŸRs•ŸR‰wü•Ó,9500/2000,20/40,20/40,1
231,ani,a_umeda,‘åã/”~“c,‘åã,‘åã•{‘åãs”~“c‰wü•Ó,8500/2000,20/40,20/40,1
232,ani,a_shizuoka_9500_2000,Ã‰ª,Ã‰ª,Ã‰ªŒ§Ã‰ª‰wü•Ó,9500/2000,20/40,20/40,1
233,ani,a_odaiba_9500_2000,‚¨‘äê,“Œ‹,“Œ‹“s`‹æ‚¨‘äêŠC•lŒö‰€‰wü•Ó,9500/2000,20/40,20/40,1
234,ani,a_fusimi_9500_2000,‹“s/•šŒ©,‹“s,‹“s•{‹“ss•šŒ©‰wü•Ó,9500/2000,20/40,20/40,1
235,ani,a_himeji_9500_2000,•ºŒÉ/•P˜H,•ºŒÉ,•ºŒÉŒ§•P˜Hs•P˜H‰wü•Ó,9500/2000,20/40,20/40,1
236,ani,a_kusiro_6900_2000,–kŠC“¹/‹ú˜H,–kŠC“¹,–kŠC“¹‹ú˜Hs‹ú˜H‰wü•Ó,6900/2000,20/40,20/40,1
237,ani,a_toyama_9500_2000,•xR,•xR,•xRŒ§•xRs•xR‰wü•Ó,9500/2000,20/40,20/40,1
239,ani,g_ginza,"ƒSƒXƒƒŠƒRƒ“ “Œ‹/‹âÀ",“Œ‹,“Œ‹“s’†‰›‹æ‹âÀ‰wü•Ó,9500/2000,20/40,20/40,10
240,ani,"a_sendai _7900_2000","‹{é/å‘ä ",‹{é,‹{éŒ§å‘äså‘ä‰wü•Ó,7900/2000,20/40,20/40,1
241,ani,a_fukuokatenjin_7900_2000,•Ÿ‰ª“V_,•Ÿ‰ª,•Ÿ‰ªŒ§•Ÿ‰ªs“V_‰wü•Ó,7900/2000,20/40,20/40,1
242,ani,a_kumamoto_9500_2000,ŒF–{,ŒF–{,ŒF–{Œ§ŒF–{sŒF–{‰wü•Ó,9500/2000,20/40,20/40,1
243,ani,a_kumamoto_6900_2000,ŒF–{,ŒF–{,ŒF–{Œ§ŒF–{sŒF–{‰wü•Ó,6900/2000,20/40,20/40,1
244,ani,a_shimonoseki_9500_2000,RŒû/‰ºŠÖ,RŒû,RŒûŒ§‰ºŠÖs‰ºŠÖ‰wü•Ó,9500/2000,20/40,20/40,1
245,ani,"a_nishifunabashi _9500_2000",ç—t/¼‘D‹´,ç—t,ç—tŒ§‘D‹´s¼‘D‹´‰wü•Ó,9500/2000,20/40,20/40,1
246,ani,a_oyama_9500_2000,“È–Ø/¬R,“È–Ø,“È–ØŒ§¬Rs¬R‰wü•Ó,9500/2000,20/40,20/40,1
247,ani,a_yamagata_9500_2000,RŒ`,RŒ`,RŒ`Œ§RŒ`sRŒ`‰wü•Ó,9500/2000,20/40,20/40,1
248,ani,a_yamagata_7900_2000,RŒ`,RŒ`,RŒ`Œ§RŒ`sRŒ`‰wü•Ó,7900/2000,20/40,20/40,1
249,ani,a_ginza_9500_2000,"‹âÀ ",“Œ‹,“Œ‹“s’†‰›‹æ‹âÀ‰wü•Ó,9500/2000,20/40,20/40,11
250,ani,a_shinjuku20_9500_2000,Vh/‚Q‚O‘ãŒÀ’è,“Œ‹,“Œ‹“sVh‹æVh‰w,9500/2000,20/29,20/29,1
251,ani,a_osu_9500_2000,ˆ¤’m/‘å{,ˆ¤’m,ˆ¤’mŒ§–¼ŒÃ‰®s‘å{ŠÏ‰¹‰wü•Ó,9500/2000,20/40,20/40,1
252,ani,a_shimonoseki_7900_2000,RŒû/‰ºŠÖ,RŒû,RŒûŒ§‰ºŠÖs‰ºŠÖ‰wü•Ó,7900/2000,20/40,20/40,1
253,ani,a_nakano_9500_2000,’†–ì,“Œ‹,“Œ‹“s’†–ì‹æ’†–ì‰wü•Ó,9500/2000,20/40,20/40,1
254,ani,a_takaoka_9500_2000,•xR/‚‰ª,•xR,•xRŒ§‚‰ªs‚‰ª‰wü•Ó,9500/2000,20/40,20/40,1
255,ani,a_sapporo_7500_2000,"–kŠC“¹/D–y ",–kŠC“¹,–kŠC“¹D–y‰wü•Ó,7500/2000,20/40,20/40,1
256,ani,a_yokohama_9500_2000,_“Şì/‰¡•l,_“Şì,_“ŞìŒ§‰¡•ls‰¡•l‰wü•Ó,9500/2000,20/40,20/40,1
257,ani,a_ueda_9500_2000,’·–ì/ã“c,’·–ì,’·–ìŒ§ã“csã“c‰wü•Ó,9500/2000,20/40,20/40,1
258,ani,a_koube_9500_2000,•ºŒÉ/_ŒË,•ºŒÉ,•ºŒÉŒ§_ŒËs_ŒË‰wü•Ó,9500/2000,20/40,20/40,1
259,ani,a_fukuokatenjin_6900_2000,•Ÿ‰ª“V_,•Ÿ‰ª,•Ÿ‰ªŒ§•Ÿ‰ªs“V_‰wü•Ó,6900/2000,20/40,20/40,1
260,ani,a_fukusima_7500_2000,•Ÿ“‡,•Ÿ“‡,•Ÿ“‡Œ§•Ÿ“‡s•Ÿ“‡‰wü•Ó,7500/2000,20/40,20/40,1
261,ani,a_asahikawa_6900_2000,–kŠC“¹/ˆ®ì,–kŠC“¹,–kŠC“¹ˆ®ìsˆ®ì‰wü•Ó,6900/2000,20/40,20/40,1
262,ani,"a_sendai _7500_2000",‹{é/å‘ä,‹{é,‹{éŒ§å‘äså‘ä‰wü•Ó,7500/2000,20/40,20/40,1
263,ani,a_matuyama_6900_2000,ˆ¤•Q/¼R,ˆ¤•Q,ˆ¤•QŒ§¼Rs¼R‰wü•Ó,6900/2000,20/40,20/40,1
264,ani,a_kofu_9500_2000,R—œ/b•{,R—œ,R—œŒ§b•{sb•{‰wü•Ó,9500/2000,20/40,20/40,1
265,ani,a_hirosima_7500_2000,L“‡,L“‡,L“‡Œ§L“‡sL“‡‰wü•Ó,7500/2000,20/40,20/40,1
266,ani,a_kawagoe_9500_2000,é‹Ê/ì‰z,é‹Ê,é‹ÊŒ§–{ì‰z‰wü•Ó,9500/2000,20/40,20/40,1
267,ani,a_fukusima_6900_2000,•Ÿ“‡,•Ÿ“‡,•Ÿ“‡Œ§•Ÿ“‡‰wü•Ó,6900/2000,20/40,20/40,1
268,ani,a_niigata_6900_2000,VŠƒ,VŠƒ,VŠƒŒ§VŠƒ‰wü•Ó,6900/2000,20/40,20/40,1
269,ani,a_koufu_6900_2000,R—œ/b•{,R—œ,R—œŒ§b•{‰wü•Ó,6900/2000,20/40,20/40,1
270,ani,a_hirosima_6900_2000,L“‡,L“‡,L“‡Œ§L“‡‰wü•Ó,6900/2000,20/40,20/40,1
272,ani,ablack_akihabara_8500_0,"H—tŒ´/BLACK ",“Œ‹,“Œ‹“sç‘ã“c‹æH—tŒ´‰wü•Ó,8500/0,20/40,20/40,8
273,machi,oomiya1113,‘å‹{,“Œ‹,,7500/3900,24/35,22/35,2
274,ani,a_kyouto_9500_2000,‹“s,‹“s,‹“s•{‹“ss‹“s‰wü•Ó,9500/2000,20/40,20/40,1
275,ani,a_ikebukuro_9500_2000,’r‘Ü,“Œ‹,“Œ‹“s–L“‡‹æ’r‘Ü‰wü•Ó,9500/2000,20/40,20/40,1
276,ani,a_sapporo7500,"–kŠC“¹/D–y ",–kŠC“¹,–kŠC“¹D–y‰wü•Ó,7500/2000,20/40,20/40,1
277,ani,a_kawasaki_9500_2000,_“Şì/ìè,_“Şì,_“ŞìŒ§ìèsìè‰wü•Ó,9500/2000,20/40,20/40,1
278,ani,a_maehasi_9500_1000,ŒQ”n/‘O‹´,ŒQ”n,ŒQ”nŒ§‘O‹´‰wü•Ó,9500/1000,20/40,20/40,1
279,ani,a_hirosima_8500_2000,L“‡,L“‡,L“‡Œ§L“‡sL“‡‰wü•Ó,8500/2000,20/40,20/40,1
280,ani,a_karasuma_9500_2000,‹“s/‰GŠÛ,‹“s,‹“s•{‰GŠÛ‰wü•Ó,9500/2000,20/40,20/40,1
281,ani,a_sendai_6900_1000,‹{é/å‘ä,‹{é,‹{éŒ§å‘ä‰wü•Ó,6900/1000,20/40,20/40,1
282,ani,a_okayama_7900_2000,‰ªR,‰ªR,‰ªRŒ§‰ªR‰wü•Ó,7900/2000,20/40,20/40,1
283,ani,a_akihabara_9500_1000,H—tŒ´,“Œ‹,“Œ‹“sç‘ã“c‹æH—tŒ´‰wü•Ó,9500/1000,20/40,20/40,1
284,ani,a_kitakyuusyuu_6900_2000,•Ÿ‰ª/–k‹ãB,•Ÿ‰ª,•Ÿ‰ªŒ§–k‹ãBs¬‘q‰wü•Ó,6900/2000,20/40,20/40,1
285,ani,a_takamatu_6900_2000,ì/‚¼,ì,ìŒ§‚¼s‚¼‰wü•Ó,6900/2000,20/40,20/40,1
286,ani,a_toyota_9500_2000,ˆ¤’m/–L“c,ˆ¤’m,ˆ¤’mŒ§–L“cs‰wü•Ó,9500/2000,20/40,20/40,1
287,ani,a_chiba_9500_1000,ç—t,ç—t,ç—tŒ§ç—t‰wü•Ó,9500/1000,20/40,20/40,1
288,ani,a_sapporo_5900_2000,–kŠC“¹/D–y,–kŠC“¹,–kŠC“¹D–y‰wü•Ó,5900/2000,20/40,20/40,1
289,ani,a_okayama_6900_2000,‰ªR,‰ªR,‰ªRŒ§‰ªR‰wü•Ó,6900/2000,20/40,20/40,1
290,ani,a_kanayama_9500_2000,ˆ¤’m/‹àR,ˆ¤’m,ˆ¤’mŒ§‹àR‰wü•Ó,9500/2000,20/40,20/40,1
291,ani,a_omiya_9500_1000,é‹Ê/‘å‹{,é‹Ê,é‹ÊŒ§‘å‹{‰wü•Ó,9500/1000,20/40,20/40,1
292,ani,a_toyohasi_9500_2000,ˆ¤’m/–L‹´,ˆ¤’m,ˆ¤’mŒ§–L‹´‰wü•Ó,9500/2000,20/40,20/40,1
293,ani,a_kitakyuusyuu_5900_2000,•Ÿ‰ª/–k‹ãB,•Ÿ‰ª,•Ÿ‰ªŒ§–k‹ãBs¬‘q‰wü•Ó,5900/2000,20/40,20/40,1
294,ani,a_nagano_9500_1000,’·–ì,’·–ì,’·–ìŒ§’·–ì‰wü•Ó,9500/1000,20/40,20/40,1
295,machi,20_kanazawa_7900_1000,Îì/‹à‘ò/20‘ãŒÀ’è,Îì,ÎìŒ§‹à‘ò‰wü•Ó,7900/1000,20/29,20/29,6
296,machi,m20_toyama_8500_2000,•xR/20‘ãŒÀ’è,•xR,•xRŒ§•xR‰w,8500/2000,20/29,20/29,6
297,machi,m20_takasaki_5900_1000,ŒQ”n/‚è/20‘ãŒÀ’è,ŒQ”n,ŒQ”nŒ§‚è‰wü•Ó,5900/1000,20/29,20/29,6
298,machi,m20_matsumoto_6900_1000,’·–ì/¼–{/20‘ãŒÀ’è,’·–ì,’·–ìŒ§¼–{‰wü•Ó,6900/1000,20/29,20/29,6
299,machi,m20_ginza_7900_2000,‹âÀ/20‘ãŒÀ’è,“Œ‹,“Œ‹“s‹âÀ‰wü•Ó,7900/2000,20/29,20/29,6
300,machi,m20_ebisu_9500_2000,Œb”äõ/20‘ãŒÀ’è,“Œ‹,“Œ‹“sŒb”äõ‰wü•Ó,9500/2000,20/29,20/29,6
302,machi,m20_sendai_6900_2000,‹{é/å‘ä/20‘ãŒÀ’è,‹{é,‹{éŒ§å‘ä‰wü•Ó,6900/2000,20/29,20/29,6
303,machi,m20_kumamoto_5900_2000,ŒF–{/20‘ãŒÀ’è,ŒF–{,ŒF–{Œ§ŒF–{‰wü•Ó,5900/2000,20/29,20/29,6
305,ani,a_otsukatakopa4000_1000,‘å’Ë/‚½‚±Ä‚«ƒp[ƒeƒB[,“Œ‹,‘å’ËƒRƒCƒRƒCƒ‰ƒ“ƒh,4000/1000,20/40,20/40,14
306,ani,a_otsukacountdown5000_1000,‘å’Ë/ƒAƒjƒƒRƒ“ƒJƒEƒ“ƒgƒ_ƒEƒ“,“Œ‹,‘å’ËƒRƒCƒRƒCƒ‰ƒ“ƒh,5000/1000,20/40,22/35,15
307,ani,a_yonago_7900_2300,’¹æ/•Äq,’¹æ,’¹æŒ§•Äq‰wü•Ó,7900/2300,20/40,20/40,1
308,ani,a_namba_8500_2000,‘åã/“ï”g,‘åã,‘åã•{“ï”g‰wü•Ó,8500/2000,20/40,20/40,1
309,ani,a_ueno_9500_1000,ã–ì,“Œ‹,“Œ‹“sã–ì‰wü•Ó,9500/1000,20/40,20/40,1
310,ani,a_fukuokatenjin_6900_2200,•Ÿ‰ª“V_,•Ÿ‰ª,•Ÿ‰ªŒ§“V_‰wü•Ó,6900/2200,20/40,20/40,1
311,ani,a_kitakyuusyuu_5900_2200,•Ÿ‰ª/–k‹ãB,•Ÿ‰ª,•Ÿ‰ªŒ§¬‘q‰wü•Ó,5900/2200,20/40,20/40,1
312,ani,a_ikebukuro_9500_1000,’r‘Ü,“Œ‹,“Œ‹“s’r‘Ü‰wü•Ó,9500/1000,20/40,20/40,1
313,ani,a_namba_9500_1000,‘åã/“ï”g,‘åã,‘åã•{“ï”g‰wü•Ó,9500/1000,20/40,20/40,1
314,ani,a_shizuoka_9500_1000,Ã‰ª,Ã‰ª,Ã‰ªŒ§Ã‰ª‰wü•Ó,9500/1000,20/40,20/40,1
315,ani,a_toyama_9500_1000,•xR,•xR,•xRŒ§•xR‰wü•Ó,9500/1000,20/40,20/40,1
316,ani,a_ginza_9500_1000,“Œ‹/‹âÀ,“Œ‹,“Œ‹“s‹âÀ‰wü•Ó,9500/1000,20/40,20/40,1
317,ani,a_kawaramati_9500_1000,‹“s/‰ÍŒ´’¬,‹“s,‹“s•{‰ÍŒ´’¬‰wü•Ó,9500/1000,20/40,20/40,1
318,ani,a_nagoya_9500_1400,ˆ¤’m/–¼ŒÃ‰®,ˆ¤’m,ˆ¤’mŒ§–¼ŒÃ‰®‰wü•Ó,9500/1400,20/40,20/40,1
319,ani,a_okayama_7900_1000,‰ªR,‰ªR,‰ªRŒ§‰ªR‰wü•Ó,7900/1000,20/40,20/40,1
320,ani,a_shinjuku_9500_1000,“Œ‹/Vh,“Œ‹,“Œ‹“sVh‰wü•Ó,9500/1000,20/40,20/40,1
321,ani,a_sakae_9500_1400,ˆ¤’m/‰h,ˆ¤’m,ˆ¤’mŒ§‰h‰wü•Ó,9500/1400,20/40,20/40,1
322,ani,a_takamatu_6900_1500,ì/‚¼,ì,ìŒ§‚¼‰wü•Ó,6900/1500,20/40,20/40,1
323,machi,m20_takasaki_6500_1500,ŒQ”n/‚è,ŒQ”n,ŒQ”nŒ§‚è‰wü•Ó,6500/1500,20/29,20/29,6
324,ani,a_himeji_9500_1000,•ºŒÉ/•P˜H,•ºŒÉ,•ºŒÉŒ§•P˜H‰wü•Ó,9500/1000,20/40,20/40,1
325,ani,a_yokohama_9500_1000,_“Şì/‰¡•l,_“Şì,_“ŞìŒ§‰¡•l‰wü•Ó,9500/1000,20/40,20/40,1
326,ani,a_matuyama_6900_1500,ˆ¤•Q/¼R,ˆ¤•Q,ˆ¤•QŒ§¼R‰wü•Ó,6900/1500,20/40,20/40,1
327,ani,a_sibuya_9500_1000,“Œ‹/a’J,“Œ‹,“Œ‹“sa’J‰wü•Ó,9500/1000,20/40,20/40,1
328,ani,a_hamamatu_9500_1000,Ã‰ª/•l¼,Ã‰ª,Ã‰ªŒ§•l¼‰wü•Ó,9500/1000,20/40,20/40,1
329,ani,a_hirosima_8500_1000,L“‡,L“‡,L“‡Œ§L“‡‰wü•Ó,8500/1000,20/40,20/40,1
330,machi,m20_ebisu_6900_2000,“Œ‹/Œb”äõ,“Œ‹,“Œ‹“sŒb”äõ‰wü•Ó,6900/2000,20/29,20/29,6
331,ani,a_umeda_9500_1000,‘åã/”~“c,‘åã,‘åã•{”~“c‰wü•Ó,9500/1000,20/40,20/40,1
332,ani,a_koube_9500_1000,•ºŒÉ/_ŒË,•ºŒÉ,•ºŒÉŒ§_ŒË‰wü•Ó,9500/1000,20/40,20/40,1
333,ani,a_kanayama_9500_1400,ˆ¤’m/‹àR,ˆ¤’m,ˆ¤’mŒ§‹àR‰wü•Ó,9500/1400,20/40,20/40,1
334,ani,a_toyohasi_9500_1400,ˆ¤’m/–L‹´,ˆ¤’m,ˆ¤’mŒ§–L‹´‰wü•Ó,9500/1400,20/40,20/40,1
335,ani,a_hirosima_9500_1000,L“‡,L“‡,L“‡Œ§L“‡‰wü•Ó,9500/1000,20/40,20/40,1
336,ani,a20_hirosiam_8500_2000,L“‡,L“‡,L“‡Œ§L“‡‰wü•Ó,8500/2000,20/29,20/29,7
337,ani,a20_hiroshiam_8500_2000,L“‡/‚Q‚O‘ãŒÀ’è,L“‡,L“‡Œ§L“‡‰wü•Ó,8500/2000,20/29,20/29,7
338,ani,a20_hirosima_8500_2300,L“‡/‚Q‚O‘ãŒÀ’è,L“‡,L“‡Œ§L“‡‰wü•Ó,8500/2300,20/29,20/29,7
339,ani,a_hirosima_8500_2300,L“‡,L“‡,L“‡Œ§L“‡‰wü•Ó,8500/2300,20/40,20/40,1
340,machi,m20_ginza_6900_1000,“Œ‹/‹âÀ/20‘ãŒÀ’è,“Œ‹,“Œ‹“s‹âÀ‰wü•Ó,6900/1000,20/29,20/29,6
341,ani,a_fukuokatenjin_6900_2500,•Ÿ‰ª“V_,•Ÿ‰ª,•Ÿ‰ªŒ§“V_‰wü•Ó,6900/2500,20/40,20/40,1
342,ani,a_yokohama_9500_2500,_“Şì/‰¡•l,_“Şì,_“ŞìŒ§‰¡•l‰wü•Ó,9500/2500,20/40,20/40,1
343,ani,a_kumamoto_6900_2200,ŒF–{,ŒF–{,ŒF–{Œ§ŒF–{‰wü•Ó,6900/2200,20/40,20/40,1
344,ani,a_omiya_9500_2000,é‹Ê/‘å‹{,é‹Ê,é‹ÊŒ§‘å‹{‰wü•Ó,9500/2000,20/40,20/40,1
345,ani,a_kawaramati_9500_2000,‹“s/‰ÍŒ´’¬,‹“s,‹“s•{‰ÍŒ´’¬‰wü•Ó,9500/2000,20/40,20/40,1
346,ani,a_ikebukuro_9800_1000,“Œ‹/’r‘Ü,“Œ‹,“Œ‹“s’r‘Ü‰wü•Ó,9800/1000,20/40,20/40,1
347,ani,a_nakano_9800_1000,“Œ‹/’†–ì,“Œ‹,“Œ‹“s’†–ì‰wü•Ó,9800/1000,20/40,20/40,1
348,ani,a_akihabara_9800_1000,“Œ‹/H—tŒ´,“Œ‹,“Œ‹“sH—tŒ´‰wü•Ó,9800/1000,20/40,20/40,1
349,ani,a_shizuoka_9800_1400,Ã‰ª,Ã‰ª,Ã‰ªŒ§Ã‰ª‰wü•Ó,9800/1400,20/40,20/40,1
350,ani,a_maehasi_9800_2000,ŒQ”n/‘O‹´,ŒQ”n,ŒQ”nŒ§‘O‹´‰wü•Ó,9800/2000,20/40,20/40,1
351,ani,a_hirosima_7800_2400,L“‡,L“‡,L“‡Œ§L“‡‰wü•Ó,7800/2400,20/40,20/40,1
352,ani,a_toyama_9800_1000,•xR,•xR,•xRŒ§•xR‰wü•Ó,9800/1000,20/40,20/40,1
353,ani,a_ginza_9800_1000,“Œ‹/‹âÀ,“Œ‹,“Œ‹“s‹âÀ‰wü•Ó,9800/1000,20/40,20/40,1
354,ani,a_okayama_7400_2300,‰ªR,‰ªR,‰ªRŒ§‰ªR‰wü•Ó,7400/2300,20/40,20/40,1
355,ani,a_shinjuku_9800_1000,“Œ‹/Vh,“Œ‹,“Œ‹“sVh‰wü•Ó,9800/1000,20/40,20/40,1
356,ani,a20_shinjuku_9800_1000,“Œ‹/Vh/20‘ãŒÀ’è,“Œ‹,“Œ‹“sVh‰wü•Ó,9800/1000,20/29,20/29,7
357,ani,a_shibuya_9800_1000,“Œ‹/a’J,“Œ‹,“Œ‹“sa’J‰wü•Ó,9800/1000,20/40,20/40,1
358,ani,a_hamamatu_9800_1400,Ã‰ª/•l¼,Ã‰ª,Ã‰ªŒ§•l¼‰wü•Ó,9800/1400,20/40,20/40,1
359,ani,a_odaiba_9800_1000,“Œ‹/‚¨‘äê,“Œ‹,“Œ‹“s‚¨‘äê‰wü•Ó,9800/1000,20/40,20/40,1
360,ani,a_nagasaki_6900_2000,’·è,’·è,’·èŒ§’·è‰wü•Ó,6900/2000,20/40,20/40,1
361,machi,m20_yamagata_7500_1400,RŒ`/20‘ãŒÀ’è,RŒ`,RŒ`Œ§RŒ`‰wü•Ó,7500/1400,20/29,20/29,6
362,machi,m20_osaka_7200_3200,‘åã/20‘ãŒÀ’è,‘åã,‘åã•{‘åã‰wü•Ó,7200/3200,20/29,20/29,6
363,machi,m20_matsuyama_6900_2000,ˆ¤•Q/¼R/20‘ãŒÀ’è,ˆ¤•Q,ˆ¤•QŒ§¼R‰wü•Ó,6900/2000,20/29,20/29,6
364,machi,m20_toyama_7700_1900,•xR/20‘ãŒÀ’è,•xR,•xRŒ§•xR‰wü•Ó,7700/1900,20/29,20/29,6
365,machi,m20_kouchi_6900_2000,‚’m/20‘ãŒÀ’è,‚’m,‚’mŒ§‚’m‰wü•Ó,6900/2000,20/29,20/29,6
366,ani,a_niigata_6800_1900,VŠƒ,VŠƒ,VŠƒŒ§VŠƒ‰wü•Ó,6800/1900,20/40,20/40,1
367,machi,m20_kourinbou_7300_1700,Îì/‹à‘ò/—Ñ–V,Îì,ÎìŒ§‹à‘ò‰wü•Ó,7300/1700,20/29,20/29,6
368,ani,a_takamatu_7300_1900,ì/‚¼,ì,ìŒ§‚¼‰wü•Ó,7300/1900,20/40,20/40,1
369,machi,m20_takasaki_6900_1900,ŒQ”n/‚è/20‘ãŒÀ’è,ŒQ”n,ŒQ”nŒ§‚è‰wü•Ó,6900/1900,20/29,20/29,6
370,ani,a_sakai_9500_1400,ˆ¤’m/‰h,ˆ¤’m,ˆ¤’mŒ§‰h‰wü•Ó,9500/1400,20/40,20/40,1
371,ani,a_himeji_8500_1900,•ºŒÉ/•P˜H,•ºŒÉ,•ºŒÉŒ§•P˜H‰wü•Ó,8500/1900,20/40,20/40,1
372,machi,m20_takamatsu_7300_1900,ì/‚¼/20‘ãŒÀ’è,ì,ìŒ§‚¼‰wü•Ó,7300/1900,20/29,20/29,6
373,ani,a_kouchi_7300_1900,‚’m,‚’m,‚’mŒ§‚’m‰wü•Ó,7300/1900,20/40,20/40,1
374,machi,m20_matumoto_7300_1400,’·–ì/¼–{/20‘ãŒÀ’è,’·–ì,’·–ìŒ§¼–{‰wü•Ó,7300/1400,20/29,20/29,6
375,ani,a_simonoseki_6900_2000,RŒû/‰ºŠÖ,RŒû,RŒûŒ§‰ºŠÖ‰wü•Ó,6900/2000,20/40,20/40,1
376,ani,a_okinawa_6700_1700,‰«“ê,‰«“ê,‰«“êŒ§“ß”e‰wü•Ó,6700/1700,20/40,20/40,1
377,ani,a_asahikawa_6400_2400,ˆ®ì,–kŠC“¹,–kŠC“¹ˆ®ì‰wü•Ó,6400/2400,20/40,20/40,1
378,machi,m20_tukuba_7800_1800,ˆïé/‚Â‚­‚Î/20‘ãŒÀ’è,ˆïé,ˆïéŒ§‚Â‚­‚Î‰wü•Ó,7800/1800,20/29,20/29,6
379,machi,m20_okinawa_6700_1700,‰«“ê/20‘ãŒÀ’è,‰«“ê,‰«“êŒ§“ß”e‰wü•Ó,6700/1700,20/29,20/29,6
380,ani,a_sannomiya_9800_1000,•ºŒÉ/_ŒË/Oƒm‹{,•ºŒÉ,•ºŒÉŒ§Oƒm‹{‰wü•Ó,9800/1000,20/40,20/40,1
381,ani,a_yokohama_9800_1000,_“Şì/‰¡•l,_“Şì,_“ŞìŒ§‰¡•l‰wü•Ó,9800/1000,20/40,20/40,1
382,machi,m20_oomiya_7100_1900,é‹Ê/‘å‹{/20‘ãŒÀ’è,é‹Ê,é‹ÊŒ§‘å‹{‰wü•Ó,7100/1900,20/29,20/29,6
383,machi,m20_fukusima_7400_1000,•Ÿ“‡/20‘ãŒÀ’è,•Ÿ“‡,•Ÿ“‡Œ§•Ÿ“‡‰wü•Ó,7400/1000,20/29,20/29,6
384,machi,m20_kumamoto_6400_2100,ŒF–{/20‘ãŒÀ’è,ŒF–{,ŒF–{Œ§ŒF–{‰wü•Ó,6400/2100,20/29,20/29,6
385,ani,a_gifu_8400_1900,Šò•Œ,Šò•Œ,Šò•ŒŒ§Šò•Œ‰wü•Ó,8400/1900,20/40,20/40,1
386,ani,a_nagano_7900_1900,’·–ì,’·–ì,’·–ìŒ§’·–ì‰wü•Ó,7900/1900,20/40,20/40,1
387,machi,m20_shimonoseki_6400_2100,RŒû/‰ºŠÖ/20‘ãŒÀ’è,RŒû,RŒûŒ§‰ºŠÖ‰wü•Ó,6400/2100,20/29,20/29,6
388,machi,m20_sendai_6700_1700,‹{é/å‘ä/20‘ãŒÀ’è,‹{é,‹{éŒ§å‘ä‰wü•Ó,6700/1700,20/29,20/29,6
390,ani,a_hamamatucyou1000,•l¼’¬/“ú‚Ìo/‚¨‰ÔŒ©•BBQ,“Œ‹,"Lounge CRIB`‰^‰ÍV‹´•BBQƒeƒ‰ƒX•t`",9800/1000,20/40,20/40,16
391,ani,a_kumamoto_6900_1900,ŒF–{,ŒF–{,ŒF–{Œ§ŒF–{‰wü•Ó,6900/1900,20/40,20/40,1
392,ani,a_namba_8500_1000,‘åã/“ï”g,‘åã,‘åã•{“ï”g‰wü•Ó,8500/1000,20/40,20/40,1
393,machi,m20_yamagata_7500_2000,RŒ`/20‘ãŒÀ’è,RŒ`,RŒ`Œ§RŒ`‰wü•Ó,7500/2000,20/29,20/29,6
394,ani,a_toyama_9800_2000,•xR,•xR,•xRŒ§•xR‰wü•Ó,9800/2000,20/40,20/40,1
395,ani,a_kawaramati_8500_1000,‹“s/‰ÍŒ´’¬,‹“s,‹“s•{‰ÍŒ´’¬‰wü•Ó,8500/1000,20/40,20/40,1
396,ani,a_umeda_8500_1000,‘åã/”~“c,‘åã,‘åã•{”~“c‰wü•Ó,8500/1000,20/40,20/40,1
397,ani,a_niigata_6800_2000,VŠƒ,VŠƒ,VŠƒŒ§VŠƒ‰wü•Ó,6800/2000,20/40,20/40,1
398,ani,a_hirosima_7800_1400,L“‡,L“‡,L“‡Œ§L“‡‰wü•Ó,7800/1400,20/40,20/40,1
399,ani,a_yokohama_9800_2500,_“Şì/‰¡•l,_“Şì,_“ŞìŒ§‰¡•l‰wü•Ó,9800/2500,20/40,20/40,1
400,ani,a_karasuma_8500_1000,‹“s/‰GŠÛ,‹“s,‹“s•{‰GŠÛ‰wü•Ó,8500/1000,20/40,20/40,1
401,ani,a_okinawa_6700_2000,‰«“ê,‰«“ê,‰«“êŒ§“ß”e‰wü•Ó,6700/2000,20/40,20/40,1
402,ani,a_niigata_7100_2000,VŠƒ,VŠƒ,VŠƒŒ§VŠƒ‰wü•Ó,7100/2000,20/40,20/40,1
403,ani,a_nagano_7900_2000,’·–ì,’·–ì,’·–ìŒ§’·–ì‰wü•Ó,7900/2000,20/40,20/40,1
404,machi,m20_toyama_7700_2000,•xR/20‘ãŒÀ’è,•xR,•xRŒ§•xR‰wü•Ó,7700/2000,20/29,20/29,6
405,machi,m20_kourinbou_7300_2000,Îì/‹à‘ò/20‘ãŒÀ’è,Îì,ÎìŒ§—Ñ–V‰wü•Ó,7300/2000,20/29,20/29,6
406,machi,m20_matumoto_7300_2000,’·–ì/¼–{/20‘ãŒÀ’è,’·–ì,’·–ìŒ§¼–{‰wü•Ó,7300/2000,20/29,20/29,6
407,machi,m20_tukuba_7800_2000,ˆïé/‚Â‚­‚Î/20‘ãŒÀ’è,ˆïé,ˆïéŒ§‚Â‚­‚Î‰wü•Ó,7800/2000,20/29,20/29,6
408,machi,m20_okinawa_6700_2000,‰«“ê/20‘ãŒÀ’è,‰«“ê,‰«“êŒ§“ß”e‰wü•Ó,6700/2000,20/29,20/29,6
409,machi,m20_fukusima_7400_2000,•Ÿ“‡/20‘ãŒÀ’è,•Ÿ“‡,•Ÿ“‡Œ§•Ÿ“‡‰wü•Ó,7400/2000,20/29,20/29,6
410,machi,m20_sendai_6700_2000,‹{é/å‘ä/20‘ãŒÀ’è,‹{é,‹{éŒ§å‘ä‰wü•Ó,6700/2000,20/29,20/29,6
411,ani,a_nagoya_lovefes,,ˆ¤’m,"ˆ¤’mŒ§ –¼‰w (–¼ŒÃ‰®‰wü•Ó)",8500/2000,20/35,20/35,17
412,machi,m20_nagasaki_6300_1900,’·è,’·è,’·èŒ§’·è‰wü•Ó,6300/1900,20/29,20/29,6
413,machi,m20_sapporo_5500_2500,D–y/20‘ãŒÀ’è,–kŠC“¹,–kŠC“¹D–y‰wü•Ó,5500/2500,20/29,20/29,6
414,machi,m20_nagasakii_6300_1900,’·è/20‘ãŒÀ’è,’·è,’·èŒ§’·è‰wü•Ó,6300/1900,20/29,20/29,6
415,ani,a_tokusima_7300_1900,“¿“‡,“¿“‡,“¿“‡Œ§“¿“‡‰wü•Ó,7300/1900,20/40,20/40,1
416,machi,m20_koyama_8100_2000,“È–Ø/¬R/20‘ãŒÀ’è,“È–Ø,“È–ØŒ§¬R‰wü•Ó,8100/2000,20/29,20/29,6
417,machi,m20_umeda_5900_2000,‘åã/”~“c/20‘ãŒÀ’è,‘åã,‘åã•{”~“c‰wü•Ó,5900/2000,20/29,20/29,6
418,machi,m20_utunomiya_7700_2000,“È–Ø/‰F“s‹{/20‘ãŒÀ’è,“È–Ø,“È–ØŒ§‰F“s‹{‰wü•Ó,7700/2000,20/29,20/29,6
419,machi,m20_ooita_5900_2000,‘å•ª/20‘ãŒÀ’è,‘å•ª,‘å•ªŒ§‘å•ª‰wü•Ó,5900/2000,20/29,20/29,6
420,machi,m20_niigata_6500_2000,VŠƒ/20‘ãŒÀ’è,VŠƒ,VŠƒŒ§VŠƒ‰wü•Ó,6500/2000,20/29,20/29,6
421,machi,m20_maehashi_7700_2000,ŒQ”n/‘O‹´/20‘ãŒÀ’è,ŒQ”n,ŒQ”nŒ§‘O‹´‰wü•Ó,7700/2000,20/29,20/29,6
422,machi,m20_simonoseki_6400_2100,RŒû/‰ºŠÖ/20‘ãŒÀ’è,RŒû,RŒûŒ§‰ºŠÖ‰wü•Ó,6400/2100,20/29,20/29,6
423,ani,a_oita_7100_2100,‘å•ª,‘å•ª,‘å•ªŒ§‘å•ª‰wü•Ó,7100/2100,20/40,20/40,1
424,machi,m20_koriyama_7400_2000,•Ÿ“‡/ŒSR/20‘ãŒÀ’è,•Ÿ“‡,•Ÿ“‡Œ§ŒSR‰wü•Ó,7400/2000,20/29,20/29,6
425,machi,m20_kagosima_6400_2400,­™“‡/20‘ãŒÀ’è,­™“‡,­™“‡Œ§­™“‡‰wü•Ó,6400/2400,20/29,20/29,6
426,ani,a_kagosima_6100_2700,­™“‡,­™“‡,­™“‡Œ§­™“‡‰wü•Ó,6100/2700,20/40,20/40,1
427,machi,m20_mito_7900_1000,ˆïé/…ŒË/20‘ãŒÀ’è,ˆïé,ˆïéŒ§…ŒË‰wü•Ó,7900/1000,20/29,20/29,6
428,machi,m20_takasaki_6900_2000,ŒQ”n/‚è/20‘ãŒÀ’è,ŒQ”n,ŒQ”nŒ§‚è‰wü•Ó,6900/2000,20/29,20/29,6
429,machi,m20_takamatsu_6300_1900,ì/‚¼/20‘ãŒÀ’è,ì,ìŒ§‚¼‰wü•Ó,6300/1900,20/29,20/29,6
430,ani,a_kurinbou_6900_2000,Îì/‹à‘ò/—Ñ–V,Îì,ÎìŒ§—Ñ–V‰wü•Ó,6900/2000,20/40,20/40,1
431,ani,a_tiba_7400_2000,ç—t/ç—t,ç—t,ç—tŒ§ç—t‰wü•Ó,7400/2000,20/40,20/40,1
432,machi,m20_sendai_6500_1700,‹{é/å‘ä/20‘ãŒÀ’è,‹{é,‹{éŒ§å‘ä‰wü•Ó,6500/1700,20/29,20/29,6
433,machi,m20_oomiya_7400_2200,é‹Ê/‘å‹{/20‘ãŒÀ’è,é‹Ê,é‹ÊŒ§‘å‹{‰wü•Ó,7400/2200,20/29,20/29,6
434,ani,a_omiya_9800_2000,é‹Ê/‘å‹{,é‹Ê,é‹ÊŒ§‘å‹{‰wü•Ó,9800/2000,20/40,20/40,1
435,machi,m20_yamagata_6800_2000,RŒ`/20‘ãŒÀ’è,RŒ`,RŒ`Œ§RŒ`‰wü•Ó,6800/2000,20/29,20/29,6
436,machi,m20_kourinbou_7500_2000,Îì/‹à‘ò/—Ñ–V/20‘ãŒÀ’è,Îì,ÎìŒ§—Ñ–V‰wü•Ó,7500/2000,20/29,20/29,6
437,machi,m20_oita_5900_2200,‘å•ª/20‘ãŒÀ’è,‘å•ª,‘å•ªŒ§‘å•ª‰wü•Ó,5900/2200,20/29,20/29,6
438,ani,a_takasaki_9800_2000,ŒQ”n/‚è,ŒQ”n,ŒQ”nŒ§‚è‰wü•Ó,9800/2000,20/40,20/40,1
439,machi,m20_tukuba_7900_2000,ˆïé/‚Â‚­‚Î/20‘ãŒÀ’è,ˆïé,ˆïéŒ§‚Â‚­‚Î‰wü•Ó,7900/2000,20/29,20/29,4
440,machi,m20_simonoseki_6400_2300,RŒû/‰ºŠÖ/20‘ãŒÀ’è,RŒû,RŒûŒ§‰ºŠÖ‰wü•Ó,6400/2300,20/29,20/29,6
441,ani,a_oita_7100_2200,‘å•ª,‘å•ª,‘å•ªŒ§‘å•ª‰wü•Ó,7100/2200,20/40,20/40,1
442,machi,m20_kumamoto_6400_2200,ŒF–{/20‘ãŒÀ’è,ŒF–{,ŒF–{Œ§ŒF–{‰wü•Ó,6400/2200,20/29,20/29,6
443,machi,m20_nanba_6700_2300,‘åã/“ï”g/20‘ãŒÀ’è,‘åã,‘åã•{“ï”g‰wü•Ó,6700/2300,20/29,20/29,6
444,ani,a_tsukuba_9800_2000,ˆïé/‚Â‚­‚Î,ˆïé,ˆïéŒ§‚Â‚­‚Î‰wü•Ó,9800/2000,20/40,20/40,1
445,machi,m20_mito_7900_2000,ˆïé/…ŒË/20‘ãŒÀ’è,ˆïé,ˆïéŒ§…ŒË‰wü•Ó,7900/2000,20/29,20/29,6
446,machi,m20_takasaki_7700_2000,ŒQ”n/‚è/20‘ãŒÀ’è,ŒQ”n,ŒQ”nŒ§‚è‰wü•Ó,7700/2000,20/29,20/29,6
447,ani,a_nagaoka_7100_2000,VŠƒ/’·‰ª,VŠƒ,VŠƒŒ§’·‰ª‰wü•Ó,7100/2000,20/40,20/40,1
448,ani,a_hatinohe_6400_2000,ÂX/”ªŒË,ÂX,ÂXŒ§”ªŒË‰wü•Óv,6400/2000,20/40,20/40,1
449,ani,a_shinjuku_8500_1000,“Œ‹/Vh,“Œ‹,“Œ‹“sVh‰wü•Ó,8500/1000,20/40,20/40,1
450,ani,a_ikebukuro_8500_1000,“Œ‹/’r‘Ü,“Œ‹,“Œ‹“s’r‘Ü‰wü•Ó,8500/1000,20/40,20/40,1
451,ani,a_akita_6900_2000,H“c,H“c,H“cŒ§H“c‰wü•Ó,6900/2000,20/40,20/40,1
452,ani,a_morioka_7800_2000,Šâè/·‰ª,Šâè,ŠâèŒ§·‰ª‰wü•Ó,7800/2000,20/40,20/40,1
453,ani,a_akihabara_8500_1000,“Œ‹/H—tŒ´,“Œ‹,“Œ‹“sH—tŒ´‰wü•Ó,8500/1000,20/40,20/40,1
454,ani,a_ginza_8500_1000,“Œ‹/‹âÀ,“Œ‹,“Œ‹“s‹âÀ‰wü•Ó,8500/1000,20/40,20/40,1
455,ani,a_shibuya_8500_1000,“Œ‹/a’J,“Œ‹,“Œ‹“sa’J‰wü•Ó,8500/1000,20/40,20/40,1
456,ani,a_nanba_7900_1000,‘åã/“ï”g,‘åã,‘åã•{“ï”g‰wü•Ó,7900/1000,20/40,20/40,1
457,ani,a_umeda_7900_1000,‘åã/”~“c,‘åã,‘åã•{”~“c‰wü•Ó,7900/1000,20/40,20/40,1
458,ani,a_wakayama_9800_2000,˜a‰ÌR,˜a‰ÌR,˜a‰ÌRŒ§˜a‰ÌR‰wü•Ó,9800/2000,20/40,20/40,1
459,machi,m20_nagaoka_6500_2000,VŠƒ/’·‰ª/20‘ãŒÀ’è,VŠƒ,VŠƒŒ§’·‰ª‰wü•Ó,6500/2000,20/29,20/29,6
460,ani,a_yokkaiti_9800_2000,Od/l“ús,Od,OdŒ§l“ús‰wü•Ó,9800/2000,20/40,20/40,1
461,ani,a_tatikawa_9800_1000,“Œ‹/—§ì,“Œ‹,“Œ‹“s—§ì‰wü•Ó,9800/1000,20/40,20/40,1
462,ani,a20_sapporo_7500_2000,–kŠC“¹/D–y/20‘ãŒÀ’è,–kŠC“¹,–kŠC“¹D–y‰wü•Ó,7500/2000,20/29,20/29,1
463,ani,a20_sendai_7500_2000,‹{é/å‘ä/20‘ãŒÀ’è,‹{é,‹{éŒ§å‘ä‰wü•Ó,7500/2000,20/29,20/29,1
464,ani,a20_matsuyama_6900_2000,ˆ¤•Q/¼R/20‘ãŒÀ’è,ˆ¤•Q,ˆ¤•QŒ§¼R‰wü•Ó,6900/2000,20/29,20/29,1
466,ani,a20_tenzin_6900_2000,•Ÿ‰ª“V_/20‘ãŒÀ’è,•Ÿ‰ª,•Ÿ‰ªŒ§“V_‰wü•Ó,6900/2000,20/29,20/29,1
467,ani,a20_niigata_7100_2000,VŠƒ/20‘ãŒÀ’è,VŠƒ,VŠƒŒ§VŠƒ‰wü•Ó,7100/2000,20/29,20/29,1
468,ani,a20_nagoya_9800_1400,ˆ¤’m/–¼ŒÃ‰®/20‘ãŒÀ’è,ˆ¤’m,ˆ¤’mŒ§–¼ŒÃ‰®‰wü•Ó,9800/1400,20/29,20/29,1
469,ani,a20_mito_9800_2000,ˆïé/…ŒË/20‘ãŒÀ’è,ˆïé,ˆïéŒ§…ŒË‰wü•Ó,9800/2000,20/29,20/29,1
470,ani,a_koufu_9800_2000,R—œ/b•{,R—œ,R—œŒ§b•{‰wü•Ó,9800/2000,20/40,20/40,1
471,ani,a_tokorozawa_9800_2000,é‹Ê/Š‘ò,é‹Ê,é‹ÊŒ§Š‘ò‰wü•Ó,9800/2000,20/40,20/40,1
472,ani,a_fukui_6800_2000,•Ÿˆä,•Ÿˆä,•ŸˆäŒ§•Ÿˆä‰wü•Ó,6800/2000,20/40,20/40,1
473,ani,a_takaoka_7100_2000,VŠƒ/‚‰ª,VŠƒ,VŠƒŒ§‚‰ª‰wü•Ó,7100/2000,20/40,20/40,1
474,ani,a_nara_7900_2000,“Ş—Ç,“Ş—Ç,“Ş—ÇŒ§“Ş—Ç‰wü•Ó,7900/2000,20/40,20/40,1
475,machi,m20_nagano_7300_2000,’·–ì/20‘ãŒÀ’è,’·–ì,’·–ìŒ§’·–ì‰wü•Ó,7300/2000,20/29,20/29,6
476,machi,m20_kawaramachi_8500_1000,‹“s/‰ÍŒ´’¬/20‘ãŒÀ’è,‹“s,‹“s•{‰ÍŒ´’¬‰wü•Ó,8500/1000,20/29,20/29,6
477,machi,m20_fukuoka_5900_2000,•Ÿ‰ª“V_/20‘ãŒÀ’è,•Ÿ‰ª,•Ÿ‰ªŒ§“V_‰wü•Ó,5900/2000,20/29,20/29,6
478,ani,a20_hiroshima_7800_2400,L“‡/20‘ãŒÀ’è,L“‡,L“‡Œ§L“‡‰wü•Ó,7800/2400,20/29,20/29,1
479,ani,a_kourinbou_6900_1700,Îì/‹à‘ò/—Ñ–V,Îì,ÎìŒ§—Ñ–V‰wü•Ó,6900/1700,20/40,20/40,1
480,ani,a_tiba_7400_1900,ç—t/ç—t,ç—t,ç—tŒ§ç—t‰wü•Ó,7400/1900,20/40,20/40,1
481,ani,a_sakae_9800_1400,ˆ¤’m/‰h,ˆ¤’m,ˆ¤’mŒ§‰h‰wü•Ó,9800/1400,20/40,20/40,1
482,ani,a_aomori_6400_2000,ÂX,ÂX,ÂXŒ§ÂX‰wü•Ó,6400/2000,20/40,20/40,1
483,ani,a_nagoya_9800_1400,ˆ¤’m/–¼ŒÃ‰®,ˆ¤’m,ˆ¤’mŒ§–¼ŒÃ‰®‰wü•Ó,9800/1400,20/40,20/40,1
484,ani,a_omiya_9800_1000,é‹Ê/‘å‹{,é‹Ê,é‹ÊŒ§‘å‹{‰wü•Ó,9800/1000,20/40,20/40,1
485,ani,a_koube_9800_1000,•ºŒÉ/_ŒË,•ºŒÉ,•ºŒÉŒ§_ŒË‰wü•Ó,9800/1000,20/40,20/40,1
486,ani,a_takasaki_9800_1000,ŒQ”n/‚è,ŒQ”n,ŒQ”nŒ§‚è‰wü•Ó,9800/1000,20/40,20/40,1
487,ani,a_kaneyama_9800_1400,ˆ¤’m/‹àR,ˆ¤’m,ˆ¤’mŒ§‹àR‰wü•Ó,9800/1400,20/40,20/40,1
488,ani,a_tatikawa_9800_2000,“Œ‹/—§ì,“Œ‹,“Œ‹“s—§ì‰wü•Ó,9800/2000,20/40,20/40,1
489,ani,a_mito_9800_2000,ˆïé/…ŒË,ˆïé,ˆïéŒ§…ŒË‰wü•Óv,9800/2000,20/40,20/40,1
490,ani,a_tukuba_9800_1000,ˆïé/‚Â‚­‚Î,ˆïé,ˆïéŒ§‚Â‚­‚Î‰wü•Ó,9800/1000,20/40,20/40,1
491,ani,a_kawaramati_8500_2700,‹“s/‰ÍŒ´’¬,‹“s,‹“s•{‰ÍŒ´’¬‰wü•Ó,8500/2700,20/40,20/40,1
492,ani,a_simonoseki_6900_2300,RŒû/‰ºŠÖ,RŒû,RŒûŒ§‰ºŠÖ‰wü•Ó,6900/2300,20/40,20/40,1
493,machi,m20_umeda_5900_2500,‘åã/”~“c/20‘ãŒÀ’è,‘åã,‘åã•{”~“c‰wü•Ó,5900/2500,20/29,20/29,6
494,ani,a_koube_9800_2700,•ºŒÉ/_ŒË,•ºŒÉ,•ºŒÉŒ§_ŒË‰wü•Ó,9800/2700,20/40,20/40,1
495,machi,m20_tenzin_5900_2200,•Ÿ‰ª“V_/20‘ãŒÀ’è,•Ÿ‰ª,•Ÿ‰ªŒ§“V_‰wü•Ó,5900/2200,20/29,20/29,6
496,machi,m20_takamatu_7300_2300,ì/‚¼/20‘ãŒÀ’è,ì,ìŒ§‚¼‰wü•Ó,7300/2300,20/29,20/29,6
497,machi,m20_kawaramati_8500_2700,‹“s/‰ÍŒ´’¬/20‘ãŒÀ’è,‹“s,‹“s•{‰ÍŒ´’¬‰wü•Ó,8500/2700,20/29,20/29,6
498,machi,m20_takamatu_6300_2300,ì/‚¼/20‘ãŒÀ’è,ì,ìŒ§‚¼‰wü•Ó,6300/2300,20/29,20/29,6
499,machi,m20_sendai_6500_2000,‹{é/å‘ä/20‘ãŒÀ’è,‹{é,‹{éŒ§å‘ä‰wü•Ó,6500/2000,20/29,20/29,6
500,ani,a_sannomiya_9800_2300,•ºŒÉ/_ŒË/Oƒm‹{,•ºŒÉ,•ºŒÉŒ§Oƒm‹{‰wü•Ó,9800/2300,20/40,20/40,1
501,ani,a_omiya_9800_2300,é‹Ê/‘å‹{,é‹Ê,é‹ÊŒ§‘å‹{‰wü•Ó,9800/2300,20/40,20/40,1
502,ani,a_tokushima_7300_2300,“¿“‡,“¿“‡,“¿“‡Œ§“¿“‡‰wü•Ó,7300/2300,20/40,20/40,1
503,ani,a_takamatu_7300_2300,ì/‚¼,ì,ìŒ§‚¼‰wü•Ó,7300/2300,20/40,20/40,1
504,machi,m20_kouchi_6900_2900,‚’m/20‘ãŒÀ’è,‚’m,‚’mŒ§‚’m‰wü•Ó,6900/2900,20/29,20/29,6
505,ani,a_kochi_7300_2000,‚’m,‚’m,‚’mŒ§‚’m‰wü•Ó,7300/2000,20/40,20/40,1
506,machi,m20_kawaramachi_5900_2700,‹“s/‰ÍŒ´’¬/20‘ãŒÀ’è,‹“s,‹“s•{‰ÍŒ´’¬‰wü•Ó,5900/2700,20/29,20/29,6
507,ani,a_kaneyama_9800_2000,ˆ¤’m/‹àR,ˆ¤’m,ˆ¤’mŒ§‹àR‰wü•Ó,9800/2000,20/40,20/40,1
508,ani,a_sakae_9800_2000,ˆ¤’m/‰h,ˆ¤’m,ˆ¤’mŒ§‰h‰wü•Ó,9800/2000,20/40,20/40,1
509,ani,a_nagoya_9800_2000,ˆ¤’m/–¼ŒÃ‰®,ˆ¤’m,ˆ¤’mŒ§–¼ŒÃ‰®‰wü•Ó,9800/2000,20/40,20/40,1
510,ani,a20_nagoya_9800_2000,ˆ¤’m/–¼ŒÃ‰®/20‘ãŒÀ’è,ˆ¤’m,ˆ¤’mŒ§–¼ŒÃ‰®‰wü•Ó,9800/2000,20/29,20/29,1
511,ani,a_nagasaki_6900_2200,’·è,’·è,’·èŒ§’·è‰wü•Ó,6900/2200,20/40,20/40,1
512,ani,a_kitakyuusyuu_6900_2200,•Ÿ‰ª/–k‹ãB,•Ÿ‰ª,•Ÿ‰ªŒ§¬‘q‰wü•Ó,6900/2200,20/40,20/40,1
513,machi,m30_sendai_5000_3500,‹{é/å‘ä/30‘ãŒÀ’è,‹{é,‹{éŒ§å‘ä‰wü•Ó,5000/3500,30/39,30/39,6
514,ani,a_mito_9800_1000,ˆïé/…ŒË,ˆïé,ˆïéŒ§…ŒË‰wü•Ó,9800/1000,20/40,20/40,1
515,ani,a_maehasi_9800_1000,ŒQ”n/‘O‹´,ŒQ”n,ŒQ”nŒ§‘O‹´‰wü•Ó,9800/1000,20/40,20/40,1
516,ani,a_nagano_7900_1000,’·–ì,’·–ì,’·–ìŒ§’·–ì‰wü•Ó,7900/1000,20/40,20/40,1
517,ani,a_koufu_9800_1000,R—œ/b•{,R—œ,R—œŒ§b•{‰wü•Ó,9800/1000,20/40,20/40,1
518,ani,a_matumoto_7900_1000,’·–ì/¼–{,’·–ì,’·–ìŒ§¼–{‰wü•Ó,7900/1000,20/40,20/40,1
519,ani,a_kourinbou_6900_1000,Îì/‹à‘ò/—Ñ–V,Îì,ÎìŒ§—Ñ–V‰wü•Ó,6900/1000,20/40,20/40,1
520,ani,"a_yokkaiti _9800_1000",Od/l“ús,Od,OdŒ§l“ús‰wü•Ó,9800/1000,20/40,20/40,1
521,ani,a_tiba_7400_1000,ç—t/ç—t,ç—t,ç—tŒ§ç—t‰wü•Ó,7400/1000,20/40,20/40,1
522,ani,a_kashiwa_9800_1000,ç—t/”,ç—t,ç—tŒ§”‰wü•Ó,9800/1000,20/40,20/40,1
523,ani,a_machida_9800_1000,“Œ‹/’¬“c,“Œ‹,“Œ‹“s’¬“c‰wü•Ó,9800/1000,20/40,20/40,1
524,machi,m30_matsuyama_5000_3500,ˆ¤•Q/¼R/‚R‚O‘ãŒÀ’è,ˆ¤•Q,ˆ¤•QŒ§¼R‰wü•Ó,5000/3500,30/39,30/39,5
525,machi,m20_machida_6900_2000,“Œ‹/’¬“c/‚Q‚O‘ãŒÀ’è,“Œ‹,“Œ‹“s’¬“c‰wü•Ó,6900/2000,20/29,20/29,6
526,machi,m30_sakai_5000_3500,ˆ¤’m/‰h/‚R‚O‘ãŒÀ’è,ˆ¤’m,ˆ¤’mŒ§‰h‰wü•Ó,5000/3500,30/39,30/39,5
527,machi,m30_matsumoto_5000_3500,’·–ì/¼–{/‚R‚O‘ãŒÀ’è,’·–ì,’·–ìŒ§¼–{‰wü•Ó,5000/3500,30/39,30/39,5
528,machi,m30_nagaoka_5000_3500,VŠƒ/’·‰ª/‚R‚O‘ãŒÀ’è,VŠƒ,VŠƒŒ§’·‰ª‰wü•Ó,5000/3500,30/39,30/39,5
529,machi,m30_fukui_5000_3500,•Ÿˆä/‚R‚O‘ãŒÀ’è,•Ÿˆä,•ŸˆäŒ§•Ÿˆä‰wü•Ó,5000/3500,30/39,30/39,5
530,ani,a_harazyuku_8900_1000,"“Œ‹/Œ´h/•\Q“¹",“Œ‹,“Œ‹“sŒ´h‰wü•Ó,8900/1000,20/40,20/40,1
531,machi,m25_35_nagano_6500_2500,’·–ì/ƒAƒ‰ƒT[,’·–ì,’·–ìŒ§’·–ì‰wü•Ó,6500/2500,25/35,25/35,5
532,machi,m25_35_niigata_6500_2500,VŠƒ/ƒAƒ‰ƒT[,VŠƒ,VŠƒŒ§VŠƒ‰wü•Ó,6500/2500,25/35,25/35,5
533,machi,‚25_35_nagoya_6500_2500,ˆ¤’m/–¼ŒÃ‰®/ƒAƒ‰ƒT[,ˆ¤’m,ˆ¤’mŒ§–¼ŒÃ‰®‰wü•Ó,6500/2500,25/35,25/35,5
534,machi,m25_35_takaoka_6500_2500,•xR/‚‰ª/ƒAƒ‰ƒT[,•xR,•xRŒ§‚‰ª‰wü•Ó,6500/2500,25/35,25/35,5
535,machi,m25_35_sendai_6500_2500,‹{é/å‘ä/ƒAƒ‰ƒT[,‹{é,‹{éŒ§å‘ä‰wü•Ó,6500/2500,25/35,25/35,5
536,machi,m25_35_matsuyama_6500_2500,ˆ¤•Q/¼R/ƒAƒ‰ƒT[,ˆ¤•Q,ˆ¤•QŒ§¼R‰wü•Ó,6500/2500,25/35,25/35,5
537,machi,m25_35_matsumoto_6500_2500,’·–ì/¼–{/ƒAƒ‰ƒT[,’·–ì,’·–ìŒ§¼–{‰wü•Ó,6500/2500,25/35,25/35,5
538,ani,m25_35_sakae_6500_2500,ˆ¤’m/‰h/ƒAƒ‰ƒT[,ˆ¤’m,ˆ¤’mŒ§‰h‰wü•Ó,6500/2500,25/35,25/35,5
539,machi,m25_35_nagaoka_6500_2500,VŠƒ/’·‰ª/ƒAƒ‰ƒT[,VŠƒ,VŠƒŒ§’·‰ª‰wü•Ó,6500/2500,25/35,25/35,5
540,machi,m25_35_fukui_6500_2500,•Ÿˆä/ƒAƒ‰ƒT[,•Ÿˆä,•ŸˆäŒ§•Ÿˆä‰wü•Ó,6500/2500,25/35,25/35,5
541,ani,a_ikebukuro_8900_1000,“Œ‹/’r‘Ü,“Œ‹,“Œ‹“s’r‘Ü‰wü•Ó,8900/1000,20/40,20/40,1
542,ani,a_umeda_8500_2500,‘åã/”~“c,‘åã,‘åã•{”~“c‰wü•Ó,8500/2500,20/40,20/40,1
543,ani,a_sapporo_7500_1000,–kŠC“¹/D–y,–kŠC“¹,–kŠC“¹D–y‰wü•Ó,7500/1000,20/40,20/40,1
544,ani,a_nagoya_9800_1000,ˆ¤’m/–¼ŒÃ‰®,ˆ¤’m,ˆ¤’mŒ§–¼ŒÃ‰®‰wü•Ó,9800/1000,20/40,20/40,1
545,ani,a_sendai_7500_1000,‹{é/å‘ä,‹{é,‹{éŒ§å‘ä‰wü•Ó,7500/1000,20/40,20/40,1
546,ani,a_hirosima_7800_2000,L“‡,L“‡,L“‡Œ§L“‡‰wü•Ó,7800/2000,20/40,20/40,1
547,ani,a_kourinbou_8500_1000,Îì/‹à‘ò/—Ñ–V,Îì,ÎìŒ§—Ñ–V‰wü•Ó,8500/1000,20/40,20/40,1
548,machi,m20_nara_7900_2000,“Ş—Ç/‚Q‚O‘ãŒÀ’è,“Ş—Ç,“Ş—ÇŒ§“Ş—Ç‰wü•Ó,7900/2000,20/29,20/29,6
549,ani,a_funabasi_9800_1000,ç—t/‘D‹´,ç—t,ç—tŒ§‘D‹´‰wü•Ó,9800/1000,20/40,20/40,1
550,ani,a_sizuoka_9800_1000,Ã‰ª,Ã‰ª,Ã‰ªŒ§Ã‰ª‰wü•Ó,9800/1000,20/40,20/40,1
551,ani,a_takaoka_9800_1000,•xR/‚‰ª,•xR,•xRŒ§‚‰ª‰wü•Ó,9800/1000,20/40,20/40,1
552,machi,m20_nanba_6500_2500,‘åã/“ï”g/‚Q‚O‘ãŒÀ’è,‘åã,‘åã•{“ï”g‰wü•Ó,6500/2500,20/29,20/29,6
553,machi,m20_sapporo_5700_2200,–kŠC“¹/D–y/‚Q‚O‘ãŒÀ’è,–kŠC“¹,–kŠC“¹D–y‰wü•Ó,5700/2200,20/29,20/29,6
554,machi,m20_nagoya_7800_2000,ˆ¤’m/–¼ŒÃ‰®/‚Q‚O‘ãŒÀ’è,ˆ¤’m,ˆ¤’mŒ§–¼ŒÃ‰®‰wü•Ó,7800/2000,20/29,20/29,6
555,machi,m20_sizuoka_7800_1000,Ã‰ª/‚Q‚O‘ãŒÀ’è,Ã‰ª,Ã‰ªŒ§Ã‰ª‰wü•Ó,7800/1000,20/29,20/29,6
556,ani,a_kawaramati_8900_1000,‹“s/‰ÍŒ´’¬,‹“s,‹“s•{‰ÍŒ´’¬‰wü•Ó,8900/1000,20/40,20/40,1
557,machi,m20_niigata_7100_2000,VŠƒ/20‘ãŒÀ’è,VŠƒ,VŠƒŒ§VŠƒ‰wü•Ó,7100/2000,20/29,20/29,6
558,ani,a_nara_7900_1000,“Ş—Ç,“Ş—Ç,“Ş—ÇŒ§“Ş—Ç‰wü•Ó,7900/1000,20/40,20/40,1
559,ani,a_akihaba_9800_1000,“Œ‹/H—tŒ´,“Œ‹,“Œ‹“sH—tŒ´‰wü•Ó,9800/1000,20/40,20/40,1
560,machi,m20_takaoka_7500_1000,•xR/‚‰ª/20‘ãŒÀ’è,•xR,•xRŒ§‚‰ª‰wü•Ó,7500/1000,20/29,20/29,6
561,machi,m20_yokohama_7500_2000,_“Şì/‰¡•l/20‘ãŒÀ’è,_“Şì,_“ŞìŒ§‰¡•l‰wü•Ó,7500/2000,20/29,20/29,6
562,machi,m20_kumamoto_6400_2300,ŒF–{/20‘ãŒÀ’è,ŒF–{,ŒF–{Œ§ŒF–{‰wü•Ó,6400/2300,20/29,20/29,6
563,ani,a_sinzyuku_8900_1000,“Œ‹/Vh,“Œ‹,“Œ‹“sVh‰wü•Ó,8900/1000,20/40,20/40,1
564,ani,a_akihabara_8900_1000,“Œ‹/H—tŒ´,“Œ‹,“Œ‹“sH—tŒ´‰wü•Ó,8900/1000,20/40,20/40,1
565,ani,a_nanba_8500_2500,‘åã/“ï”g,‘åã,‘åã•{“ï”g‰wü•Ó,8500/2500,20/40,20/40,1
566,ani,a_hamamatu_9800_1000,Ã‰ª/•l¼,Ã‰ª,Ã‰ªŒ§•l¼‰wü•Ó,9800/1000,20/40,20/40,1
567,machi,m20_tikusima_7300_1900,“¿“‡/20‘ãŒÀ’è,“¿“‡,“¿“‡Œ§“¿“‡‰wü•Ó,7300/1900,20/29,20/29,6
568,ani,a_tenzin_6900_2000,•Ÿ‰ª/“V_,•Ÿ‰ª,•Ÿ‰ªŒ§“V_‰wü•Ó,6900/2000,20/40,20/40,1
569,machi,m20_tatikawa_6900_2000,“Œ‹/—§ì/20‘ãŒÀ’è,“Œ‹,“Œ‹“s—§ì‰wü•Ó,6900/2000,20/29,20/29,6
570,machi,m20_umeda_6500_2500,‘åã/”~“c/20‘ãŒÀ’è,‘åã,‘åã•{”~“c‰wü•Ó,6500/2500,20/29,20/29,6
571,machi,m20_hamamatu_7800_1000,Ã‰ª/•l¼/20‘ãŒÀ’è,Ã‰ª,Ã‰ªŒ§•l¼‰wü•Ó,7800/1000,20/29,20/29,6
572,machi,m30_nagoya_5000_3500,ˆ¤’m/–¼ŒÃ‰®/30‘ãŒÀ’è,ˆ¤’m,ˆ¤’mŒ§–¼ŒÃ‰®‰wü•Ó,5000/3500,30/39,30/39,5
573,machi,m20_mamnomiya_6500_2700,•ºŒÉ/_ŒË/Oƒm‹{/20‘ãŒÀ’è,•ºŒÉ,•ºŒÉŒ§Oƒm‹{‰wü•Ó,6500/2700,20/29,20/29,6
